chirpFrequency, temperature
20.000000,       88.599998
16.000000,       71.599998
19.799999,       93.300003 
18.400000,       84.300003
17.100000,       80.599998
15.500000,       75.199997
14.700000,       69.699997       
17.100000,       82.000000
15.400000,       69.400002      
16.200001,       83.300003    
15.000000,       79.599998   
17.200001,       82.599998      
16.000000,       80.599998     
17.000000,       83.500000      
14.400000,       76.300003